{
  "employees": [
    {
      "id": 1,
      "first_name": "MS Dhoni",
      "last_name": "MSD",
      "email": "indiancric@msd.com"
    },
    {
      "id": 2,
      "first_name": "Steve",
      "last_name": "Smith",
      "email": "steve@ca.com"
    },
    {
      "id": 3,
      "first_name": "Virat",
      "last_name": "Kohli",
      "email": "vkcric@rcb.com"
    },
    {
      "first_name": "Ravi",
      "last_name": "Jadeja",
      "email": "jadeja@jadeja.com",
      "id": 4
    },
    {
      "last_name": "Raina",
      "first_name": "Suresh",
      "email": "SureshRaina48@gracia.com",
      "id": 5
    },
    {
      "first_name": "Ravi",
      "last_name": "Ashwin",
      "email": "Ashwin@ash.com",
      "id": 6
    },
    {
      "last_name": "Raina",
      "first_name": "Suresh",
      "email": "SureshRaina48@raina.com",
      "id": 7
    }
  ]
}